ds,y
2018-01-01,44.222775941669866
2018-01-02,57.56437049673248
2018-01-03,56.734549647291615
2018-01-04,53.120487856280555
2018-01-05,50.73430950978599
2018-01-06,51.17597597902448
2018-01-07,47.17564207858604
2018-01-08,47.48533821428116
2018-01-09,63.9494223872858
2018-01-10,70.08295697292262
2018-01-11,56.081854326717526
2018-01-12,50.22330375913358
2018-01-13,45.99546882423982
2018-01-14,44.366265368383665
2018-01-15,59.7868242359266
2018-01-16,64.19383312273446
2018-01-17,69.26042561540392
2018-01-18,57.746376337756615
2018-01-19,51.7485794095478
2018-01-20,52.56514045372344
2018-01-21,49.44583637893624
2018-01-22,68.18684436055582
2018-01-23,65.79367599408216
2018-01-24,71.26547623332726
2018-01-25,69.8114170274449
2018-01-26,49.79333894585282
2018-01-27,43.082496529798426
2018-01-28,46.598381623265965
2018-01-29,68.76430964821881
2018-01-30,67.91398715321213
2018-01-31,85.79588620802349
2018-02-01,65.17084305204897
2018-02-02,60.63169378845231
2018-02-03,62.40038786327765
2018-02-04,67.03933542686917
2018-02-05,75.5194137632169
2018-02-06,79.45330985384759
2018-02-07,80.84049901619177
2018-02-08,73.64651669503995
2018-02-09,66.26846332252966
2018-02-10,54.57697255833462
2018-02-11,55.53571189017702
2018-02-12,67.78706858275483
2018-02-13,75.12625527570708
2018-02-14,75.99285336142027
2018-02-15,76.67719474532753
2018-02-16,69.6365968148555
2018-02-17,60.229862892208374
2018-02-18,69.44028418384218
2018-02-19,64.4919171742462
2018-02-20,77.37530036733033
2018-02-21,77.01081056761699
2018-02-22,66.16753319437048
2018-02-23,66.72018642255651
2018-02-24,61.42070972189202
2018-02-25,71.82914988908549
2018-02-26,75.53089560762429
2018-02-27,75.36591319928547
2018-02-28,91.97498789362878
2018-03-01,83.68092886993483
2018-03-02,72.08516178240328
2018-03-03,62.903257774488694
2018-03-04,61.435702204268196
2018-03-05,72.45119578856173
2018-03-06,87.83001778199952
2018-03-07,93.99056909932483
2018-03-08,87.11843671405141
2018-03-09,68.51990289806136
2018-03-10,60.18976875318366
2018-03-11,68.65190208222464
2018-03-12,67.14670515294145
2018-03-13,85.64060169209226
2018-03-14,85.42965679020057
2018-03-15,78.63335141367249
2018-03-16,64.51298267596385
2018-03-17,69.83899961618224
2018-03-18,66.72767859212247
2018-03-19,71.54338382900656
2018-03-20,71.02766921852218
2018-03-21,87.35427235816162
2018-03-22,91.10874979175793
2018-03-23,82.03636533766266
2018-03-24,66.18854703124404
2018-03-25,67.54246632214341
2018-03-26,80.85836640455551
2018-03-27,81.47764426401119
2018-03-28,90.04035452143484
2018-03-29,87.07630337059388
2018-03-30,80.82192484345059
2018-03-31,68.88915615181817
2018-04-01,70.40970656162443
2018-04-02,74.9577353078051
2018-04-03,83.12689346274868
2018-04-04,88.14927349455921
2018-04-05,85.79154238913966
2018-04-06,79.92253774767681
2018-04-07,65.99994604542414
2018-04-08,79.47601843012313
2018-04-09,78.53515642534117
2018-04-10,87.65626303429725
2018-04-11,86.00615632809546
2018-04-12,72.25287945817765
2018-04-13,80.15311547833399
2018-04-14,74.03734315711321
2018-04-15,70.90234282915917
2018-04-16,80.48138047948235
2018-04-17,90.55783284338789
2018-04-18,82.10405686206295
2018-04-19,81.86308434801194
2018-04-20,79.79834774416328
2018-04-21,64.13586649315762
2018-04-22,73.79121135110258
2018-04-23,73.33841891271105
2018-04-24,90.2458682218057
2018-04-25,89.63507299864199
2018-04-26,76.29033940668305
2018-04-27,81.46978364678205
2018-04-28,66.51509675409517
2018-04-29,68.01485711407052
2018-04-30,80.8291174628857
2018-05-01,93.32439506929798
2018-05-02,84.36451943723954
2018-05-03,84.26792661075444
2018-05-04,77.34721255890841
2018-05-05,73.17448453026748
2018-05-06,72.43344267960867
2018-05-07,77.44082731295376
2018-05-08,82.85790785333505
2018-05-09,89.25434074420927
2018-05-10,77.94456409035608
2018-05-11,59.90825540225384
2018-05-12,71.17019626437
2018-05-13,75.31633976700728
2018-05-14,66.67416160090656
2018-05-15,81.12793567053158
2018-05-16,91.06845171406209
2018-05-17,92.71058968160366
2018-05-18,73.70609815069444
2018-05-19,64.40425655335723
2018-05-20,68.9093021718744
2018-05-21,84.36107088375825
2018-05-22,81.91588956365192
2018-05-23,82.91761647637406
2018-05-24,78.92259260144978
2018-05-25,67.72152137997452
2018-05-26,67.51703777797782
2018-05-27,76.78052282575399
2018-05-28,77.90992133981106
2018-05-29,82.66683553691666
2018-05-30,84.21304291856138
2018-05-31,72.25509007211895
2018-06-01,75.61524639361272
2018-06-02,65.20342739145595
2018-06-03,66.42165384303563
2018-06-04,90.90558951761267
2018-06-05,84.0471125877652
2018-06-06,80.51772793100737
2018-06-07,76.52430557276166
2018-06-08,75.5080734002663
2018-06-09,64.70684867330606
2018-06-10,58.662926062711776
2018-06-11,78.04948681670164
2018-06-12,77.70959965791428
2018-06-13,92.12448416408826
2018-06-14,82.5226491737118
2018-06-15,65.98122142903553
2018-06-16,68.98390706196541
2018-06-17,64.61894058415076
2018-06-18,76.13025575282607
2018-06-19,81.87541091857874
2018-06-20,76.91670706739293
2018-06-21,72.28491309478446
2018-06-22,71.73833983221289
2018-06-23,59.26680075878628
2018-06-24,60.615118736928466
2018-06-25,65.43701930048167
2018-06-26,79.9092369298135
2018-06-27,89.79456480955253
2018-06-28,68.49310960009679
2018-06-29,65.03311551118294
2018-06-30,66.32134314473308
2018-07-01,60.551508567823795
2018-07-02,70.7883491804612
2018-07-03,70.79134824241694
2018-07-04,79.93447953680696
2018-07-05,71.20569983390548
2018-07-06,68.15167204365036
2018-07-07,63.509244906784815
2018-07-08,72.21139173612956
2018-07-09,69.74101053619435
2018-07-10,76.05186041439913
2018-07-11,77.08834804216745
2018-07-12,68.70370160987117
2018-07-13,63.24889115354902
2018-07-14,54.43480236800577
2018-07-15,58.452123227398
2018-07-16,71.78453036979094
2018-07-17,67.75201817111922
2018-07-18,80.18652417690379
2018-07-19,75.43536182185716
2018-07-20,59.356624360631955
2018-07-21,43.70396167015503
2018-07-22,52.98375364396713
2018-07-23,70.10686250177184
2018-07-24,71.10871931869563
2018-07-25,67.94260626283078
2018-07-26,64.7922271703659
2018-07-27,62.63137922962735
2018-07-28,55.5438760458774
2018-07-29,53.34149354902807
2018-07-30,60.31803025320271
2018-07-31,67.81215212906821
2018-08-01,66.89321384821844
2018-08-02,73.97802966204137
2018-08-03,55.421260669392076
2018-08-04,57.520745807386646
2018-08-05,60.78826100864624
2018-08-06,65.81062968059852
2018-08-07,66.3017684892132
2018-08-08,72.23544830900282
2018-08-09,64.51490708598185
2018-08-10,51.27287646531189
2018-08-11,51.83964220014071
2018-08-12,46.09431797944858
2018-08-13,65.59081828817415
2018-08-14,64.9961985048124
2018-08-15,70.10863094563467
2018-08-16,64.96552235498193
2018-08-17,53.437757001031386
2018-08-18,52.120436064102364
2018-08-19,48.61286366153653
2018-08-20,63.03602664897481
2018-08-21,59.64626060599187
2018-08-22,68.82185235659304
2018-08-23,72.36158117530368
2018-08-24,48.879684326582606
2018-08-25,44.97897244160436
2018-08-26,52.76977846318911
2018-08-27,58.82287972974035
2018-08-28,67.40775025322331
2018-08-29,69.94776787207063
2018-08-30,65.18627531159063
2018-08-31,58.80983295623745
2018-09-01,49.831441213295435
2018-09-02,48.44364597344121
2018-09-03,60.77295493013612
2018-09-04,74.67491128719793
2018-09-05,66.39570667217882
2018-09-06,56.733550320732576
2018-09-07,58.42708521489334
2018-09-08,46.847932121401215
2018-09-09,38.49153005736664
2018-09-10,61.38989241874759
2018-09-11,62.27960171203379
2018-09-12,66.42527152101289
2018-09-13,63.12374924839805
2018-09-14,53.74067453098752
2018-09-15,50.93267858163509
2018-09-16,47.1523469770577
2018-09-17,59.73275409939508
2018-09-18,63.71269919123663
2018-09-19,70.66612618649663
2018-09-20,64.6749519908193
2018-09-21,48.28555404453032
2018-09-22,53.03036732564299
2018-09-23,46.90561406714064
2018-09-24,61.5039191293451
2018-09-25,67.18415201898813
2018-09-26,76.54126604605291
2018-09-27,60.90015056337835
2018-09-28,51.67671034393002
2018-09-29,48.00516298842061
2018-09-30,48.61265856750562
2018-10-01,62.0478399204659
2018-10-02,57.89207667440639
2018-10-03,62.74929145882705
2018-10-04,57.38727874372998
2018-10-05,58.92510521611824
2018-10-06,57.44705165376424
2018-10-07,50.43946450639713
2018-10-08,58.07857048336253
2018-10-09,67.23978875219778
2018-10-10,74.78428452670549
2018-10-11,59.087937850934296
2018-10-12,56.40496030884698
2018-10-13,54.85056411478901
2018-10-14,54.58870856540614
2018-10-15,61.03293101582659
2018-10-16,73.09778763030933
2018-10-17,56.70230280129384
2018-10-18,68.39803800493722
2018-10-19,53.26691414125684
2018-10-20,42.18562864535663
2018-10-21,56.04331674013409
2018-10-22,68.39702760141107
2018-10-23,68.8884577580401
2018-10-24,76.50518500760982
2018-10-25,74.63136754754913
2018-10-26,64.71189697685632
2018-10-27,61.17710421418564
2018-10-28,58.87461350970737
2018-10-29,63.620475529887266
2018-10-30,63.31804892258357
2018-10-31,72.29997657287792
2018-11-01,64.18020196140733
2018-11-02,70.8551508041191
2018-11-03,53.99727986771408
2018-11-04,57.71539257233693
2018-11-05,67.9717314305924
2018-11-06,73.5521212188611
2018-11-07,84.0466276289716
2018-11-08,67.35873224188833
2018-11-09,63.08307738414306
2018-11-10,53.3076056585881
2018-11-11,52.67573042224765
2018-11-12,64.36472649017261
2018-11-13,75.39054380481606
2018-11-14,75.69838038399861
2018-11-15,69.31483292288313
2018-11-16,57.41438135217203
2018-11-17,58.97084999933207
2018-11-18,54.14866298330029
2018-11-19,73.64977923442436
2018-11-20,78.44285387550248
2018-11-21,73.04054683956674
2018-11-22,73.74226799601303
2018-11-23,63.223993863500496
2018-11-24,63.5479501020213
2018-11-25,70.9665620733457
2018-11-26,63.0914723889626
2018-11-27,81.24884854610609
2018-11-28,82.19536102828755
2018-11-29,81.33681466721279
2018-11-30,70.76605564009408
2018-12-01,60.9304317094388
2018-12-02,65.42954691384892
2018-12-03,71.269413243131
2018-12-04,88.85705135409795
2018-12-05,85.92635291142959
2018-12-06,90.32968589098195
2018-12-07,72.25960560494691
2018-12-08,64.02966549409977
2018-12-09,62.355608655811956
2018-12-10,69.15050520259011
2018-12-11,78.48964287119523
2018-12-12,90.1047246224804
2018-12-13,86.33198321967892
2018-12-14,67.6362453725584
2018-12-15,75.04017395541449
2018-12-16,70.51547839814037
2018-12-17,81.91941384939778
2018-12-18,97.50263154149053
2018-12-19,96.29576926541733
2018-12-20,85.4987732424528
2018-12-21,74.14920161181705
2018-12-22,62.87807019797566
2018-12-23,72.41568560259572
2018-12-24,83.21827009965529
2018-12-25,87.6012051577839
2018-12-26,94.25725995544339
2018-12-27,90.33334963978604
2018-12-28,80.59353045120936
2018-12-29,73.50405656352736
2018-12-30,79.97521195998183
2018-12-31,89.60696352181965
2019-01-01,90.21058656058277
2019-01-02,105.0951129790319
2019-01-03,92.58376952627414
2019-01-04,84.93967843767726
2019-01-05,83.42204787332307
2019-01-06,83.42349841072289
2019-01-07,95.28628242371767
2019-01-08,100.2186891751465
2019-01-09,98.09518647012085
2019-01-10,97.9968754350822
2019-01-11,82.23446302935997
2019-01-12,83.52574639073814
2019-01-13,85.18684219450947
2019-01-14,92.56848747211247
2019-01-15,101.22104933419294
2019-01-16,94.8202929354231
2019-01-17,96.50869712652131
2019-01-18,91.47038695012152
2019-01-19,86.82471114050921
2019-01-20,83.24582225709273
2019-01-21,102.95685616839889
2019-01-22,100.5394656879966
2019-01-23,112.07010722192679
2019-01-24,104.36758268328362
2019-01-25,90.73965153650929
2019-01-26,97.85128034292288
2019-01-27,85.34932072805783
2019-01-28,104.14074888884674
2019-01-29,112.77261554597808
2019-01-30,106.75114113442908
2019-01-31,112.05677454936122
2019-02-01,95.56417368998999
2019-02-02,93.24196368822375
2019-02-03,95.42241159143231
2019-02-04,101.65564210340112
2019-02-05,114.58425207051413
2019-02-06,116.80988660078086
2019-02-07,99.0670847903009
2019-02-08,106.02790838107363
2019-02-09,86.15375627087543
2019-02-10,101.9265964588235
2019-02-11,110.57854681610678
2019-02-12,107.66742354341389
2019-02-13,113.35407124569673
2019-02-14,104.82002853498433
2019-02-15,100.94297757424911
2019-02-16,95.4094576204316
2019-02-17,103.11709541923378
2019-02-18,113.92249233384422
2019-02-19,122.4970966235438
2019-02-20,114.96372182797533
2019-02-21,111.63837107126572
2019-02-22,95.90535053627987
2019-02-23,95.1937977886464
2019-02-24,106.28466972643366
2019-02-25,117.65813011529629
2019-02-26,111.5234076501311
2019-02-27,116.95549032230497
2019-02-28,114.66205454652055
2019-03-01,107.79889140405496
2019-03-02,97.2162139348093
2019-03-03,105.58694778819626
2019-03-04,109.18201647721132
2019-03-05,119.5582831392059
2019-03-06,124.54866022063501
2019-03-07,116.68930718806381
2019-03-08,106.04261483770648
2019-03-09,102.5056592567209
2019-03-10,104.77700542073997
2019-03-11,111.41573052293828
2019-03-12,120.0132364921005
2019-03-13,131.4489632708299
2019-03-14,121.06182523075745
2019-03-15,108.30845755051674
2019-03-16,108.06082830420887
2019-03-17,105.03286593169153
2019-03-18,120.57512080304555
2019-03-19,124.55949379322875
2019-03-20,124.28343386204722
2019-03-21,121.81998978182355
2019-03-22,103.21543626571555
2019-03-23,100.18579018973165
2019-03-24,101.93536757931805
2019-03-25,116.58655692245114
2019-03-26,132.49538494628615
2019-03-27,137.05703648805374
2019-03-28,123.81120879889865
2019-03-29,114.57244957104155
2019-03-30,97.7715283226227
2019-03-31,106.10752183268576
2019-04-01,112.80747137764835
2019-04-02,121.56172507501262
2019-04-03,125.85154043716197
2019-04-04,119.01077333493856
2019-04-05,102.88054102082867
2019-04-06,111.18372416645556
2019-04-07,104.08308996726477
2019-04-08,118.52712473056155
2019-04-09,135.5795026039842
2019-04-10,122.59714084524525
2019-04-11,109.18033537946027
2019-04-12,111.76638486779065
2019-04-13,113.32724494087894
2019-04-14,119.57582523989196
2019-04-15,111.47954746716846
2019-04-16,127.94823783422089
2019-04-17,125.08254876810506
2019-04-18,121.47660264433235
2019-04-19,126.55238968747742
2019-04-20,100.40173097343573
2019-04-21,111.10697621361467
2019-04-22,119.98020237377689
2019-04-23,130.8685743852051
2019-04-24,127.83459837413047
2019-04-25,123.44309137700725
2019-04-26,111.23008086675047
2019-04-27,109.08127985007908
2019-04-28,107.9030575577363
2019-04-29,120.49229357310298
2019-04-30,123.29653462119312
2019-05-01,128.89767458880326
2019-05-02,121.386872733064
2019-05-03,118.41210383302428
2019-05-04,107.03571970867046
2019-05-05,100.2747584500553
2019-05-06,123.1791572314728
2019-05-07,120.06561982873758
2019-05-08,123.15799156047248
2019-05-09,117.93487312811729
2019-05-10,118.99977483378706
2019-05-11,95.92619501919074
2019-05-12,124.10710420901957
2019-05-13,121.39526443158687
2019-05-14,124.92333317394186
2019-05-15,125.33308348813779
2019-05-16,121.49000905268173
2019-05-17,113.8510496925907
2019-05-18,108.91776581142503
2019-05-19,110.25325788665808
2019-05-20,115.59000260835514
2019-05-21,121.81831151116099
2019-05-22,123.82030833814497
2019-05-23,118.02859337721928
2019-05-24,115.82748591434411
2019-05-25,107.54550630202974
2019-05-26,91.63270732182036
2019-05-27,117.2549492407353
2019-05-28,122.5865207725051
2019-05-29,123.26602356245655
2019-05-30,115.81906526705203
2019-05-31,114.51393293318112
2019-06-01,108.02688808784856
2019-06-02,101.15918933453983
2019-06-03,114.67762967129173
2019-06-04,115.40008283036222
2019-06-05,115.08622151913004
2019-06-06,113.23265532789082
2019-06-07,111.790386133352
2019-06-08,106.62102835052029
2019-06-09,106.13688801824162
2019-06-10,114.79810971321888
2019-06-11,121.35254840408072
2019-06-12,117.27387640663243
2019-06-13,117.00716627572758
2019-06-14,109.9467816889258
2019-06-15,104.07884582575448
2019-06-16,107.954356407801
2019-06-17,113.13949709219936
2019-06-18,118.94194323960319
2019-06-19,124.23346232082643
2019-06-20,113.10544231545934
2019-06-21,99.91561421788201
2019-06-22,97.86275919394562
2019-06-23,96.64712849242467
2019-06-24,104.57578450294685
2019-06-25,114.80835366833112
2019-06-26,113.26010629398432
2019-06-27,110.03169083449895
2019-06-28,93.18502605424806
2019-06-29,98.06804503404118
2019-06-30,98.69723204160499
2019-07-01,102.18258719339173
2019-07-02,117.14103336605486
2019-07-03,120.22213086842207
2019-07-04,101.8447029982812
2019-07-05,97.15012248374599
2019-07-06,91.46686858567189
2019-07-07,92.30376344055468
2019-07-08,108.72926256037552
2019-07-09,111.19202880094275
2019-07-10,112.53126892207317
2019-07-11,98.18667298160436
2019-07-12,102.46894844261958
2019-07-13,87.44973823133054
2019-07-14,95.6424368671705
2019-07-15,104.31501786052118
2019-07-16,117.3181504956247
2019-07-17,105.67159329905981
2019-07-18,91.47912886151178
2019-07-19,98.59135942657517
2019-07-20,101.03908117249895
2019-07-21,99.93893222703312
2019-07-22,102.38947548049272
2019-07-23,106.48202366548635
2019-07-24,114.68963691051454
2019-07-25,100.16094469514034
2019-07-26,98.52021584093693
2019-07-27,93.04518816229506
2019-07-28,97.5422220395028
2019-07-29,113.65276906411225
2019-07-30,109.43254697285028
2019-07-31,106.65708904288775
2019-08-01,103.46695147910833
2019-08-02,85.87809690789739
2019-08-03,85.64885562936084
2019-08-04,88.81950530983157
2019-08-05,95.8795535840413
2019-08-06,106.89916437470764
2019-08-07,103.77873468803035
2019-08-08,107.91150946329948
2019-08-09,93.45924566017625
2019-08-10,87.8344424326268
2019-08-11,88.00933650610604
2019-08-12,98.08378517922277
2019-08-13,109.09622749388478
2019-08-14,102.41459820988779
2019-08-15,97.90180849025154
2019-08-16,90.85277807101673
2019-08-17,80.09248552154303
2019-08-18,84.52164205525644
2019-08-19,93.92459240160615
2019-08-20,108.36980088993253
2019-08-21,107.11992994937317
2019-08-22,101.24746228505605
2019-08-23,95.74375120850095
2019-08-24,85.28404027697083
2019-08-25,89.750985841011
2019-08-26,95.00244527491236
2019-08-27,104.5700973917208
2019-08-28,102.17177076593553
2019-08-29,87.39730469930751
2019-08-30,90.16359737549911
2019-08-31,92.46463269631339
2019-09-01,91.84438923699875
2019-09-02,99.79523649417007
2019-09-03,108.90905485783385
2019-09-04,105.04975386466697
2019-09-05,100.13501221047702
2019-09-06,87.34026258456286
2019-09-07,83.40087585768057
2019-09-08,89.95965798716284
2019-09-09,100.6926147979612
2019-09-10,101.77386747927079
2019-09-11,102.13626061468426
2019-09-12,98.97013599617404
2019-09-13,93.2922065578474
2019-09-14,77.65846032078181
2019-09-15,75.33547902739163
2019-09-16,91.89540940712929
2019-09-17,96.38197780362417
2019-09-18,101.9006958880576
2019-09-19,98.32273045732911
2019-09-20,88.1541977432878
2019-09-21,92.31464349646437
2019-09-22,88.66514486491737
2019-09-23,96.40611791544532
2019-09-24,105.89298068283668
2019-09-25,99.08451416021552
2019-09-26,104.63546486853599
2019-09-27,90.46098426020914
2019-09-28,88.86525568008442
2019-09-29,82.17393914979642
2019-09-30,87.67807847627698
2019-10-01,107.4558935255611
2019-10-02,107.28664164421484
2019-10-03,95.59700405212861
2019-10-04,87.2003031629013
2019-10-05,91.89029944768156
2019-10-06,82.3778896236559
2019-10-07,104.49339019004461
2019-10-08,99.73789025075354
2019-10-09,109.5124518618117
2019-10-10,99.42135890427697
2019-10-11,95.56296589494772
2019-10-12,84.58210365395944
2019-10-13,88.59157573265331
2019-10-14,97.6061484173658
2019-10-15,100.39240047860581
2019-10-16,111.22764319171218
2019-10-17,99.74195470328945
2019-10-18,92.68798704823142
2019-10-19,83.65510395320874
2019-10-20,77.9580891328003
2019-10-21,97.85047975418864
2019-10-22,118.91012680834116
2019-10-23,112.9296860678066
2019-10-24,103.73406864228052
2019-10-25,94.0778473292134
2019-10-26,90.33921244235366
2019-10-27,95.14384144034265
2019-10-28,94.57822680248397
2019-10-29,114.13323063340395
2019-10-30,114.33574885641356
2019-10-31,109.21077591142469
2019-11-01,99.41113884968577
2019-11-02,92.18807877445732
2019-11-03,97.6719794068478
2019-11-04,105.37675403180168
2019-11-05,108.76241582036525
2019-11-06,109.89706441965225
2019-11-07,108.17021217248512
2019-11-08,107.03940502568537
2019-11-09,88.00406299904469
2019-11-10,89.11329655545408
2019-11-11,105.41796200921407
2019-11-12,112.99632527865941
2019-11-13,115.87340040904812
2019-11-14,111.15421576548476
2019-11-15,100.48325176672722
2019-11-16,103.98484413289896
2019-11-17,90.81282226723089
2019-11-18,102.84809455423438
2019-11-19,114.6515404399114
2019-11-20,109.24567535219708
2019-11-21,111.5385905840884
2019-11-22,112.41798942755128
2019-11-23,99.17876660229057
2019-11-24,102.53654637565674
2019-11-25,103.28180084204736
2019-11-26,114.70384252167423
2019-11-27,118.22870054588725
2019-11-28,113.49700779169693
2019-11-29,113.21065847762814
2019-11-30,104.57808607188859
2019-12-01,98.56395288058567
2019-12-02,113.57565530902234
2019-12-03,123.05896609431267
2019-12-04,128.6087251508492
2019-12-05,125.81205637026909
2019-12-06,104.57058672072641
2019-12-07,100.59818038732567
2019-12-08,100.71477433121694
2019-12-09,114.07239614802148
2019-12-10,125.81631028078178
2019-12-11,130.77795946630613
2019-12-12,120.47889451856773
2019-12-13,111.01144570490386
2019-12-14,108.39054711332012
2019-12-15,105.82023217402173
2019-12-16,128.69679208971172
2019-12-17,118.46545847856005
2019-12-18,129.79619559182999
2019-12-19,134.01916205159523
2019-12-20,115.69775092243077
2019-12-21,109.74452583324336
2019-12-22,111.28088438770799
2019-12-23,120.42780861467608
2019-12-24,136.4564784918567
2019-12-25,120.90875753403022
2019-12-26,134.67027156674388
2019-12-27,111.6516296803903
2019-12-28,112.47410698343502
2019-12-29,114.03881166328928
2019-12-30,127.39301977368208
2019-12-31,124.72495333923415
2020-01-01,137.40440957534463
2020-01-02,140.25155746609215
2020-01-03,115.08316538238024
2020-01-04,117.88351943036233
2020-01-05,116.00202916519518
2020-01-06,129.70516861005086
2020-01-07,135.9346529659105
2020-01-08,135.00659810105375
2020-01-09,135.68629303703574
2020-01-10,134.03342357563426
2020-01-11,119.08813337668413
2020-01-12,126.01270186973437
2020-01-13,124.20494218305626
2020-01-14,134.1452046990654
2020-01-15,143.65673257792744
2020-01-16,143.73967657494848
2020-01-17,129.85271362680325
2020-01-18,121.53043056115752
2020-01-19,125.4528505047769
2020-01-20,127.45047411655423
2020-01-21,144.9692084205325
2020-01-22,148.71296953782408
2020-01-23,137.05192782448506
2020-01-24,128.7037253527765
2020-01-25,127.38973750334588
2020-01-26,126.22209149681026
2020-01-27,136.30515663839142
2020-01-28,155.36190179130963
2020-01-29,145.96553974917114
2020-01-30,140.4020996890635
2020-01-31,130.67906423851264
2020-02-01,132.62492438984174
2020-02-02,130.32333897287188
2020-02-03,136.19225203064937
2020-02-04,154.2520207967992
2020-02-05,157.05919002442133
2020-02-06,141.92988343868365
2020-02-07,127.29937011733755
2020-02-08,136.63333388522483
2020-02-09,130.47403137939173
2020-02-10,146.03530825760936
2020-02-11,140.41281686808998
2020-02-12,157.01620668312438
2020-02-13,141.44184130842308
2020-02-14,142.82469769039545
2020-02-15,134.1785063342323
2020-02-16,131.61089624151498
2020-02-17,142.50192601793344
2020-02-18,156.12085571270998
2020-02-19,155.47911413230813
2020-02-20,152.78618513258664
2020-02-21,151.3890085802146
2020-02-22,128.5908917081867
2020-02-23,146.74017529310842
2020-02-24,147.30050607324273
2020-02-25,150.40461058061982
2020-02-26,150.4745481779737
2020-02-27,151.06176793354163
2020-02-28,148.2246591085863
2020-02-29,137.8498982774266
2020-03-01,148.2509704827922
2020-03-02,141.52907894029826
2020-03-03,156.80908329801593
2020-03-04,152.7995415686696
2020-03-05,155.7249566630987
2020-03-06,149.9139580071445
2020-03-07,138.2102935912914
2020-03-08,129.46360329035235
2020-03-09,151.53187577542943
2020-03-10,160.76779325569677
2020-03-11,162.75965487738245
2020-03-12,161.7241966467744
2020-03-13,141.72428481045483
2020-03-14,145.27649793727213
2020-03-15,149.96955814118297
2020-03-16,143.12734028511932
2020-03-17,161.6260715693875
2020-03-18,159.62134797433785
2020-03-19,156.50188948591747
2020-03-20,150.14211278811268
2020-03-21,140.7232324748476
2020-03-22,141.87205143561053
2020-03-23,153.39406952343379
2020-03-24,155.7539265789989
2020-03-25,157.8346486015727
2020-03-26,161.38696044123046
2020-03-27,143.6993083335504
2020-03-28,147.48934797022267
2020-03-29,148.52073775479408
2020-03-30,145.5101720120832
2020-03-31,158.67688170019156
2020-04-01,170.06747437864297
2020-04-02,153.8759901437449
2020-04-03,147.8715301295261
2020-04-04,147.17690280832443
2020-04-05,150.79208972941882
2020-04-06,153.5074254904216
2020-04-07,159.6616542612279
2020-04-08,171.7519028608648
2020-04-09,167.97812039152262
2020-04-10,155.54838846474973
2020-04-11,145.71255495937362
2020-04-12,143.2120824548194
2020-04-13,150.95018076068646
2020-04-14,165.55818079043962
2020-04-15,166.98769711961964
2020-04-16,166.50665228609483
2020-04-17,154.08092009618252
2020-04-18,137.9048297129505
2020-04-19,152.60728500116403
2020-04-20,150.16628959425003
2020-04-21,161.04019497986826
2020-04-22,166.12160808890482
2020-04-23,169.41257832505318
2020-04-24,166.27475667716237
2020-04-25,148.31149726889768
2020-04-26,146.25062634738953
2020-04-27,157.60986200230641
2020-04-28,167.1410260778722
2020-04-29,162.97221247076328
2020-04-30,168.0777876682113
2020-05-01,151.50586581509472
2020-05-02,147.36012629397774
2020-05-03,150.05327388402316
2020-05-04,156.56616866884227
2020-05-05,166.3825670549312
2020-05-06,160.938979697454
2020-05-07,155.7248727533438
2020-05-08,144.2347336511251
2020-05-09,146.41464879039145
2020-05-10,149.93021290378272
2020-05-11,156.0255406961593
2020-05-12,169.8057573776746
2020-05-13,163.21012280628875
2020-05-14,161.04082003853912
2020-05-15,143.42605951534568
2020-05-16,141.39949730767935
2020-05-17,148.60034096664157
2020-05-18,157.03906093503687
2020-05-19,158.99057928843828
2020-05-20,161.87797165054522
2020-05-21,149.07686429236583
2020-05-22,146.0403139925985
2020-05-23,146.70010951696506
2020-05-24,146.88471206829615
2020-05-25,154.1562939267281
2020-05-26,159.54262861867159
2020-05-27,161.07911988919003
2020-05-28,152.14751991667617
2020-05-29,150.07812485115795
2020-05-30,143.08779232455535
2020-05-31,145.18031431433621
2020-06-01,147.71171828500027
2020-06-02,147.19396846099312
2020-06-03,165.17509435897503
2020-06-04,151.67968333239003
2020-06-05,140.87468784827388
2020-06-06,143.03537160036552
2020-06-07,139.32630422118214
2020-06-08,154.18945766266856
2020-06-09,159.5759753515427
2020-06-10,161.62046788164625
2020-06-11,145.7410640961019
2020-06-12,149.7295986969387
2020-06-13,139.34054498831398
2020-06-14,137.89196777759358
2020-06-15,148.04504671181934
2020-06-16,146.03511651638274
2020-06-17,158.65893055643656
2020-06-18,145.82541185769128
2020-06-19,135.2970224001358
2020-06-20,128.80274981228848
2020-06-21,143.672500185752
2020-06-22,142.54363957267327
2020-06-23,160.9386292520815
2020-06-24,152.28290400378518
2020-06-25,140.77497438037676
2020-06-26,134.81120150059968
2020-06-27,140.92171575840902
2020-06-28,135.6530499046311
2020-06-29,141.26808300702115
2020-06-30,152.3864363026769
2020-07-01,155.78468300186853
2020-07-02,153.21083252915892
2020-07-03,145.94732368723953
2020-07-04,131.254461416989
2020-07-05,128.11330620133612
2020-07-06,140.2542679651629
2020-07-07,151.20160570831152
2020-07-08,146.77332916089165
2020-07-09,141.15764682350834
2020-07-10,138.74724942903637
2020-07-11,131.13815480307855
2020-07-12,133.24097947979376
2020-07-13,136.86861186701879
2020-07-14,147.0944444243817
2020-07-15,145.32465609222785
2020-07-16,148.75624561963662
2020-07-17,140.57526153188348
2020-07-18,120.53073066097355
2020-07-19,126.81993526112053
2020-07-20,131.57986901156585
2020-07-21,143.4093735567654
2020-07-22,147.95397904183272
2020-07-23,135.4953560981927
2020-07-24,129.24170184568496
2020-07-25,123.20819840310568
2020-07-26,130.98513831059455
2020-07-27,137.90620901186998
2020-07-28,141.56409592755088
2020-07-29,147.78553579479137
2020-07-30,138.55806501784627
2020-07-31,131.05887270608685
2020-08-01,135.18029515319301
2020-08-02,135.2556908408958
2020-08-03,129.6863261404394
2020-08-04,147.96697248779046
2020-08-05,149.62533708413488
2020-08-06,134.23907617553562
2020-08-07,135.22256956310028
2020-08-08,133.23742819700536
2020-08-09,121.69918430423573
2020-08-10,130.3796108082796
2020-08-11,147.71445391882568
2020-08-12,145.75917702181277
2020-08-13,141.5971889339973
2020-08-14,131.71766223527914
2020-08-15,126.41444608889809
2020-08-16,119.62044379449162
2020-08-17,139.17283471165146
2020-08-18,147.4719615561486
2020-08-19,142.2818655631667
2020-08-20,137.6792968246516
2020-08-21,121.44630043308854
2020-08-22,126.15009344710761
2020-08-23,128.26215072467647
2020-08-24,132.8060213310503
2020-08-25,146.45863566360762
2020-08-26,141.0038637869609
2020-08-27,139.9981519528188
2020-08-28,123.31539401487788
2020-08-29,122.80679070141677
2020-08-30,123.91008502343743
2020-08-31,133.6581666606758
2020-09-01,138.43892925172773
2020-09-02,141.50200256758237
2020-09-03,140.82626003642466
2020-09-04,125.78693770490675
2020-09-05,114.48519482739859
2020-09-06,133.16012395598085
2020-09-07,139.10638745643985
2020-09-08,133.5301939612693
2020-09-09,145.3506021810397
2020-09-10,133.96189135554195
2020-09-11,129.1072574961952
2020-09-12,123.84685172762664
2020-09-13,123.13665969700585
2020-09-14,128.2158702898261
2020-09-15,136.51370321768624
2020-09-16,137.33554465292667
2020-09-17,132.37184410449927
2020-09-18,127.54806581881851
2020-09-19,118.93119811220646
2020-09-20,127.89353044981165
2020-09-21,139.78596664326568
2020-09-22,137.3217947352213
2020-09-23,143.4099317624345
2020-09-24,139.36666356999135
2020-09-25,130.62224250367987
2020-09-26,123.30914030182421
2020-09-27,128.65722898281487
2020-09-28,135.26278490308079
2020-09-29,134.57687501940111
2020-09-30,147.14318985452022
2020-10-01,141.93060646941834
2020-10-02,125.11315652067208
2020-10-03,123.82786601587013
2020-10-04,129.11073478680098
2020-10-05,132.59669481477604
2020-10-06,146.96323048727515
2020-10-07,155.49132069422762
2020-10-08,134.48012033995224
2020-10-09,122.98155348490185
2020-10-10,126.1556799869177
2020-10-11,130.34145048729906
2020-10-12,133.56952321847123
2020-10-13,149.98617068167266
2020-10-14,138.14127305603486
2020-10-15,143.07767284912697
2020-10-16,128.10104364950175
2020-10-17,134.51743442532532
2020-10-18,138.0203918892298
2020-10-19,132.2547893125404
2020-10-20,141.37614771232688
2020-10-21,150.57595343231353
2020-10-22,139.16056964872627
2020-10-23,132.42563966894008
2020-10-24,127.60880184732413
2020-10-25,120.0594814944431
2020-10-26,137.65737195867572
2020-10-27,142.3519668333876
2020-10-28,145.52697234519866
2020-10-29,150.06656056590876
2020-10-30,128.15963802913754
2020-10-31,133.37434435873436
2020-11-01,130.12614513146627
2020-11-02,138.2271872092148
2020-11-03,151.68785766803364
2020-11-04,151.66384014505275
2020-11-05,147.70769653959175
2020-11-06,141.3241792164883
2020-11-07,129.72732062165014
2020-11-08,130.56937900191335
2020-11-09,136.34348507610756
2020-11-10,145.785419977817
2020-11-11,166.9183231930609
2020-11-12,153.31964826023733
2020-11-13,132.001403162551
2020-11-14,127.07653152554074
2020-11-15,138.37582154561892
2020-11-16,146.87198097118358
2020-11-17,155.05331367940275
2020-11-18,153.32399957002607
2020-11-19,148.92390637731074
2020-11-20,142.87958544469436
2020-11-21,136.62966189973517
2020-11-22,127.408796594211
2020-11-23,145.55235851886763
2020-11-24,150.64390732128902
2020-11-25,158.09267095355213
2020-11-26,167.12053572988128
2020-11-27,145.74531682049846
2020-11-28,137.32434934110466
2020-11-29,145.82960257528714
2020-11-30,151.85299692599722
2020-12-01,159.76191869380182
2020-12-02,163.03307461504502
2020-12-03,165.28025605174795
2020-12-04,141.07723597844648
2020-12-05,144.10377633328034
2020-12-06,139.45152659060759
2020-12-07,155.09854168218158
2020-12-08,155.96737771080623
2020-12-09,160.8286486376626
2020-12-10,156.45539558152845
2020-12-11,154.5600584511527
2020-12-12,149.2925138102475
2020-12-13,140.8341345669824
2020-12-14,155.58893206185138
2020-12-15,160.0195140321723
2020-12-16,159.64220335791157
2020-12-17,159.87696571458687
2020-12-18,151.18104223081676
2020-12-19,159.8868924007157
2020-12-20,152.29048443219224
2020-12-21,151.49833882266924
2020-12-22,163.8242118273137
2020-12-23,174.130116892759
2020-12-24,174.49983922438474
2020-12-25,147.89551171672127
2020-12-26,141.46135178630314
2020-12-27,162.59315880360396
2020-12-28,163.4514194763174
2020-12-29,165.42710459012693
2020-12-30,174.819684826403
2020-12-31,154.0043658192079
2021-01-01,158.62504699095427
2021-01-02,155.2837384269069
2021-01-03,160.6436483955561
2021-01-04,159.21752767869327
2021-01-05,172.979745236583
2021-01-06,170.3006282966334
2021-01-07,171.239095149726
2021-01-08,157.25192424749375
2021-01-09,154.72105062991284
2021-01-10,154.15586834527207
2021-01-11,170.6503523922845
2021-01-12,179.94553711766477
2021-01-13,176.85022297047067
2021-01-14,173.2418388504783
2021-01-15,157.56636732839138
2021-01-16,158.3353364052683
2021-01-17,161.9468860901889
2021-01-18,183.55170501676878
2021-01-19,173.13592772417732
2021-01-20,188.37541782801063
2021-01-21,181.05418794860736
2021-01-22,169.2191094616913
2021-01-23,171.6201051226597
2021-01-24,167.037725747131
2021-01-25,175.3581611812709
2021-01-26,181.37945628731353
2021-01-27,190.10568297145932
2021-01-28,184.46890130705413
2021-01-29,167.58690502845366
2021-01-30,159.11218768920938
2021-01-31,167.0251323722328
2021-02-01,172.25579055819946
2021-02-02,184.15120634127362
2021-02-03,192.9783267435228
2021-02-04,179.4822546525229
2021-02-05,173.26168130832886
2021-02-06,168.7367381544527
2021-02-07,174.99748657768973
2021-02-08,167.71333761396284
2021-02-09,184.10304840975326
2021-02-10,190.49061757103848
2021-02-11,190.38699303130613
2021-02-12,173.6083309671304
2021-02-13,161.62956063765122
2021-02-14,176.3926966174162
2021-02-15,178.28234789876765
2021-02-16,183.67162941843438
2021-02-17,188.76739948184684
2021-02-18,185.88989893216993
2021-02-19,175.44054175707444
2021-02-20,162.3509131577624
2021-02-21,180.1153989345955
2021-02-22,190.1384938209812
2021-02-23,195.15109175035082
2021-02-24,188.44231688134823
2021-02-25,188.01433544502052
2021-02-26,180.60813294355492
2021-02-27,178.5159650482699
2021-02-28,181.08137328507712
2021-03-01,182.16879373326742
2021-03-02,194.34454298901127
2021-03-03,198.4233782614779
2021-03-04,198.27190194050272
2021-03-05,186.09866470289242
2021-03-06,181.36670389988504
2021-03-07,180.02191648882746
2021-03-08,194.7184171335598
2021-03-09,197.7728559286735
2021-03-10,193.58371433842476
2021-03-11,199.72421264017785
2021-03-12,187.74232067830263
2021-03-13,176.84468879505482
2021-03-14,178.80535066422655
2021-03-15,190.7103139835693
2021-03-16,199.56231393051903
2021-03-17,200.35875838115356
2021-03-18,195.70761809952972
2021-03-19,194.15665721529172
2021-03-20,185.78184182563373
2021-03-21,183.4801706192688
2021-03-22,195.2179470470984
2021-03-23,193.3273416891689
2021-03-24,202.56496153357332
2021-03-25,204.35995031450113
2021-03-26,185.68816798207035
2021-03-27,177.2665475963861
2021-03-28,180.30609635890104
2021-03-29,186.0616391268103
2021-03-30,195.52334112527382
2021-03-31,199.63868401093166
2021-04-01,189.1601321584993
2021-04-02,187.6896422461877
2021-04-03,186.8078268814101
2021-04-04,179.7780328328611
2021-04-05,199.8150368081194
2021-04-06,202.66846700103184
2021-04-07,207.27004169660998
2021-04-08,193.4832947579481
2021-04-09,192.4273029007389
2021-04-10,177.33857578359172
2021-04-11,189.22859800754594
2021-04-12,193.4971797933618
2021-04-13,203.25903653833592
2021-04-14,196.57644861319065
2021-04-15,192.5935233452505
2021-04-16,191.39647031947672
2021-04-17,178.27154251327522
2021-04-18,187.26796338652017
2021-04-19,185.936561037294
2021-04-20,204.82778735127076
2021-04-21,196.34599500482517
2021-04-22,199.84481332055034
2021-04-23,191.5133849389099
2021-04-24,179.46500499701904
2021-04-25,187.7585590250819
2021-04-26,193.9321121377302
2021-04-27,197.71176953541575
2021-04-28,197.24657918736824
2021-04-29,187.01288278266284
2021-04-30,189.83842404808127
2021-05-01,174.79234024487297
2021-05-02,184.95549530886694
2021-05-03,190.90618861595516
2021-05-04,203.3587358763298
2021-05-05,200.3000269661663
2021-05-06,194.6638879133704
2021-05-07,191.19922236466365
2021-05-08,183.7062948815281
2021-05-09,185.43954689442018
2021-05-10,193.91549943417857
2021-05-11,191.5970391455746
2021-05-12,204.87263861318044
2021-05-13,198.61890147352761
2021-05-14,181.66931047058503
2021-05-15,179.99133260523914
2021-05-16,182.8112897504268
2021-05-17,190.0145307458883
2021-05-18,200.03132138704336
2021-05-19,207.3024031383227
2021-05-20,199.992509957646
2021-05-21,179.18949515571208
2021-05-22,183.29120619033372
2021-05-23,188.59338888683126
2021-05-24,191.53425515065774
2021-05-25,202.70295848908117
2021-05-26,209.06633639617152
2021-05-27,198.53557020582437
2021-05-28,185.80497028729138
2021-05-29,184.18919119750075
2021-05-30,181.4316842081524
2021-05-31,188.45446166687884
2021-06-01,194.20251827119154
2021-06-02,205.51097814034435
2021-06-03,187.99180202316202
2021-06-04,190.86579263663072
2021-06-05,180.0878144441675
2021-06-06,172.31529808700242
2021-06-07,188.7582423535983
2021-06-08,184.02560425790767
2021-06-09,199.36933467443626
2021-06-10,195.04036531112686
2021-06-11,178.75546470041715
2021-06-12,176.70320434491603
2021-06-13,187.56392823128084
2021-06-14,182.85757765868067
2021-06-15,187.68318491392958
2021-06-16,202.08844023526672
2021-06-17,198.85249092605102
2021-06-18,180.14876807130602
2021-06-19,179.54420778867697
2021-06-20,182.89101569953056
2021-06-21,180.05414342853163
2021-06-22,188.921898509351
2021-06-23,199.19634795475653
2021-06-24,195.81832438856426
2021-06-25,181.290938832952
2021-06-26,168.42731561386478
2021-06-27,184.4523915513629
2021-06-28,179.43982201716014
2021-06-29,187.99622126384514
2021-06-30,193.0732275097679
2021-07-01,193.4804095695095
2021-07-02,181.06027241682548
2021-07-03,173.21278916448978
2021-07-04,175.14453248088813
2021-07-05,180.62289683699737
2021-07-06,190.77361157972683
2021-07-07,177.0258122301534
2021-07-08,182.54042817257078
2021-07-09,176.3133566795622
2021-07-10,163.7029541929196
2021-07-11,173.08318890286742
2021-07-12,177.71107930384582
2021-07-13,195.0937423697013
2021-07-14,195.87820601443906
2021-07-15,180.0406824423424
2021-07-16,172.70625646876945
2021-07-17,167.4501389490043
2021-07-18,167.2639797699893
2021-07-19,178.08881374015027
2021-07-20,180.91544859303264
2021-07-21,180.76145746017423
2021-07-22,183.89631164082388
2021-07-23,175.03344002492716
2021-07-24,162.23662661141893
2021-07-25,172.4510403576472
2021-07-26,172.42211546553216
2021-07-27,184.45399722917773
2021-07-28,189.01322623759665
2021-07-29,179.12798316324125
2021-07-30,172.68975920783365
2021-07-31,162.2239404343783
2021-08-01,165.5580776330993
2021-08-02,173.13575639514428
2021-08-03,178.05986322463082
2021-08-04,182.6523803573441
2021-08-05,170.19848119659855
2021-08-06,166.62720878899998
2021-08-07,162.07063836548394
2021-08-08,163.97104487437173
2021-08-09,171.69230022343436
2021-08-10,180.24245671154515
2021-08-11,184.71635135162686
2021-08-12,181.12199424779348
2021-08-13,164.66749754647677
2021-08-14,156.3384264938875
2021-08-15,158.92775638458383
2021-08-16,169.37697072612838
2021-08-17,177.7325672223525
2021-08-18,177.43828469540256
2021-08-19,169.26669056528297
2021-08-20,164.66283835916948
2021-08-21,162.31843788732434
2021-08-22,166.20024756756766
2021-08-23,168.14372324932242
2021-08-24,176.57624378077657
2021-08-25,175.83550371965595
2021-08-26,174.8029353049039
2021-08-27,161.9467299839401
2021-08-28,163.55538460259035
2021-08-29,153.6076455411906
2021-08-30,168.4784219413713
2021-08-31,179.5267623842983
2021-09-01,180.80281847992924
2021-09-02,187.87499450831967
2021-09-03,167.4229888818138
2021-09-04,155.19037440804067
2021-09-05,161.61669994817515
2021-09-06,160.98886751160532
2021-09-07,177.2485750638579
2021-09-08,175.38585562582927
2021-09-09,178.6917211071209
2021-09-10,162.6689849948696
2021-09-11,159.40755884235602
2021-09-12,158.73529450504054
2021-09-13,178.42200668967143
2021-09-14,175.9418542433859
2021-09-15,188.64950268299975
2021-09-16,178.16042958238154
2021-09-17,167.8414610800434
2021-09-18,161.8892440952727
2021-09-19,163.97620605266926
2021-09-20,160.2236540088778
2021-09-21,176.32822252588278
2021-09-22,183.9275445703533
2021-09-23,174.10083731722364
2021-09-24,158.70158323877334
2021-09-25,160.12083897862294
2021-09-26,170.90602102288364
2021-09-27,176.51584138776298
2021-09-28,177.87316621957413
2021-09-29,184.96080537281358
2021-09-30,173.05591432172002
2021-10-01,157.79267481147383
2021-10-02,156.3864455554704
2021-10-03,170.86729317662864
2021-10-04,169.62023027733125
2021-10-05,177.71653930125854
2021-10-06,179.49609177914408
2021-10-07,185.24228548883278
2021-10-08,175.31637601097472
2021-10-09,173.01857488340139
2021-10-10,163.21481274119313
2021-10-11,173.46672830047444
2021-10-12,172.3897945899524
2021-10-13,189.46054606613208
2021-10-14,171.00423190125053
2021-10-15,169.4328030864978
2021-10-16,157.64119030883825
2021-10-17,162.30927591212543
2021-10-18,169.08625158688596
2021-10-19,178.25780819539813
2021-10-20,180.74447758355785
2021-10-21,175.5058517097671
2021-10-22,173.95930676934964
2021-10-23,159.0865321453948
2021-10-24,167.87866518619333
2021-10-25,180.9236743539855
2021-10-26,180.33123482825238
2021-10-27,181.48898508325453
2021-10-28,178.77124487032992
2021-10-29,177.40583571203464
2021-10-30,167.33356191636503
2021-10-31,165.9093633200185
2021-11-01,179.0797205287803
2021-11-02,179.24886840933118
2021-11-03,190.38480445175435
2021-11-04,183.9022970188066
2021-11-05,171.93916452954744
2021-11-06,164.17632577429154
2021-11-07,166.17311359492942
2021-11-08,181.40996806714196
2021-11-09,193.0148345622854
2021-11-10,185.9347178215982
2021-11-11,186.32766843799192
2021-11-12,165.2523391865405
2021-11-13,167.68778491630098
2021-11-14,172.72474262175925
2021-11-15,176.49242307219504
2021-11-16,184.5233287384665
2021-11-17,188.14877804979497
2021-11-18,187.89312043697046
2021-11-19,177.17675665879625
2021-11-20,161.87464472373398
2021-11-21,164.75994935324493
2021-11-22,180.51788982682825
2021-11-23,194.03310076360444
2021-11-24,180.31585130596306
2021-11-25,186.5255509043551
2021-11-26,178.09999778945604
2021-11-27,182.65055282094008
2021-11-28,176.1060617270853
2021-11-29,188.1589615435169
2021-11-30,195.16625014122621
2021-12-01,186.13874393876077
2021-12-02,195.62574461722397
2021-12-03,184.5904273892817
2021-12-04,181.05350463900675
2021-12-05,200.48612897978035
2021-12-06,178.6670700995758
2021-12-07,205.94628486470882
2021-12-08,198.23575970131418
2021-12-09,196.12071708277443
2021-12-10,186.20254469221538
2021-12-11,179.32428669876134
2021-12-12,180.95507250575804
2021-12-13,193.69980411624613
2021-12-14,192.71622234124393
2021-12-15,206.4191761923066
2021-12-16,195.6097035740146
2021-12-17,183.79900442912003
2021-12-18,182.2266098897632
2021-12-19,193.1324645499314
2021-12-20,192.42865338175264
2021-12-21,205.15732277182488
2021-12-22,202.08366379570867
2021-12-23,204.5609533903092
2021-12-24,195.96536232259658
2021-12-25,196.81529273955073
2021-12-26,189.0708708429377
2021-12-27,201.5562665836335
2021-12-28,206.96803999982774
2021-12-29,215.3347263466236
2021-12-30,200.29766860398783
2021-12-31,199.38618917321082
